18_plus,18 या अधिक
72-hour deadline passed {0} hours ago. Tell the Data Protection Board now.,72 घंटे की समय-सीमा {0} घंटे पहले निकल गई। डेटा संरक्षण बोर्ड को अभी बताएँ।
Access log (names and evidence),कौन देखा (नाम और सबूत)
Acknowledged,पुष्टि मिली
Active,चालू
Add at least one purpose,कम से कम एक उद्देश्य जोड़ें
Adult,वयस्क
Agreed By Purpose,उद्देश्य के अनुसार सहमति
Agreed to,इनके लिए सहमति
Analytics,विश्लेषण
Anumati Settings,अनुमति सेटिंग्स
Approved,स्वीकृत
Assessing,जाँच जारी
Assigned to me,मुझे सौंपे गए
Audit Entry,ऑडिट लॉग प्रविष्टि
Audit Share,ऑडिटर लिंक
Audit log,ऑडिट लॉग
Awaiting Acknowledgement,पुष्टि का इंतज़ार
Beneficiaries,लाभार्थी
Beneficiary,लाभार्थी
Beneficiary: {0},लाभार्थी: {0}
Board told now,बोर्ड को अभी बताया
Board told on {0},बोर्ड को {0} को बताया
Breach,डेटा उल्लंघन
Breach Incident,डेटा उल्लंघन
Breaches,डेटा उल्लंघन
Campaign,अभियान
Can't publish yet,अभी प्रकाशित नहीं हो सकता
Channel Provider,मैसेजिंग खाता
Check signature,हस्ताक्षर जाँचें
Completed,पूरा
Confirmation attempt,पुष्टि का प्रयास
Confirmed,पुष्टि हुई
Connected systems,जुड़े हुए सिस्टम
Consent,सहमति
Consent Event,सहमति रिकॉर्ड
Consent Events Per Week,हर हफ़्ते की सहमतियाँ
Consent State,वर्तमान सहमति
Consent records,सहमति रिकॉर्ड
Consent today,आज की सहमति
Consents,सहमतियाँ
Consents By Field Worker,कार्यकर्ता के अनुसार सहमतियाँ
Consents By Language,भाषा के अनुसार सहमतियाँ
Consents This Month,इस महीने की सहमतियाँ
Consents This Week,इस हफ़्ते की सहमतियाँ
Contained,रोका गया
Current consent per purpose,हर उद्देश्य की वर्तमान सहमति
DPO or grievance contact,DPO या शिकायत संपर्क
Data Category,डेटा की श्रेणी
Data Fiduciary,डेटा फ़िड्यूशियरी
Data Principal,लाभार्थी
Data Processor,डेटा प्रोसेसर
Due today,आज तक
Evidence Only,सिर्फ़ सबूत
"Evidence is in the Evidence tab. Hash, signature and chain position are in the Proof tab. This record can never be edited; a change of mind is a new record.","सबूत 'सबूत' टैब में है। हैश, हस्ताक्षर और शृंखला 'प्रमाण' टैब में हैं। यह रिकॉर्ड कभी बदला नहीं जा सकता; राय बदलने पर नया रिकॉर्ड बनता है।"
Field Device,फील्ड फ़ोन
Field app,फील्ड ऐप
Field phone,फील्ड फ़ोन
Field phones,फील्ड फ़ोन
Field team,फील्ड टीम
Find a receipt,रसीद खोजें
Funder Link,फंडर के साथ साझा
Granted,सहमति दी
Guardian,अभिभावक
Guardian Link,अभिभावक
Guardians,अभिभावक
Hash chain check FAILED. Tell the DPO now.,हैश शृंखला की जाँच असफल। DPO को अभी बताएँ।
Hash chain not checked yet (runs every night),हैश शृंखला की जाँच अभी नहीं हुई (हर रात होती है)
Hash chain verified {0},हैश शृंखला की जाँच {0} हुई
How,कैसे
How People Consented,लोगों ने सहमति कैसे दी
How The Notice Was Given,सूचना कैसे दी गई
How to complain to the Data Protection Board,डेटा संरक्षण बोर्ड से शिकायत कैसे करें
How to exercise rights,अपने अधिकारों का उपयोग कैसे करें
How to withdraw consent,सहमति वापस कैसे लें
Inbox,इनबॉक्स
Incidents and audit,घटनाएँ और ऑडिट
Live,चालू
Match,मिलाएँ
Merged,मिला दिया
Message Template,संदेश टेम्पलेट
Messaging,मैसेजिंग
Minor,नाबालिग
Missed Call,मिस्ड कॉल
Name or phone,नाम या फ़ोन
"Name, phone number or receipt code","नाम, फ़ोन नंबर या रसीद कोड"
Needs attention,ध्यान दें
"No one found. Names match whole words, and phone numbers must be complete.","कोई नहीं मिला। नाम पूरे शब्द से मिलता है, और फ़ोन नंबर पूरा होना चाहिए।"
No phone,फ़ोन नहीं
No programmes yet.,अभी कोई कार्यक्रम नहीं।
No to all,सब के लिए ना
None,कोई नहीं
Not recorded,दर्ज नहीं
Not synced,सिंक नहीं
Nothing needs attention right now.,अभी किसी चीज़ पर ध्यान देने की ज़रूरत नहीं।
Notice,सूचना
Notice Heard In Full,पूरी सूचना सुनी
Notice Template,सूचना
Notice Translation,सूचना का अनुवाद
Notices,सूचनाएँ
Notices and Compliance,सूचनाएँ और अनुपालन
Notified,सूचित
Notifying,सूचना दी जा रही है
On Hold,रोका गया
Open Breaches,खुले डेटा उल्लंघन
Open Rights Requests,खुले अनुरोध
Organisation,संस्था
Overdue,समय निकल गया
Overdue Requests,समय निकले अनुरोध
Overdue by {0} days,{0} दिन देर
Paused,रुका हुआ
People,लोग
Person,व्यक्ति
Phones Not Synced,सिंक नहीं हुए फ़ोन
Preview,पूर्वावलोकन
Processor,डेटा प्रोसेसर (साझेदार)
Programme,कार्यक्रम
Programmes,कार्यक्रम
Programmes At A Glance,कार्यक्रम एक नज़र में
Propagation Ack,साझेदार की पुष्टि
Purge Request,डेटा मिटाने का काम
Purpose,उद्देश्य
ROPA Entry,प्रोसेसिंग रिकॉर्ड
Re-consent,दोबारा सहमति
Re-consent campaign,दोबारा सहमति अभियान
"Receipt code, e.g. AN-7K2Q9C","रसीद कोड, जैसे AN-7K2Q9C"
Record views,रिकॉर्ड कब देखे गए
Record withdrawal,सहमति वापसी दर्ज करें
Recorded (30 Days),दर्ज (30 दिन)
Recorded by,दर्ज करने वाले
Records and risk,रिकॉर्ड और जोखिम
Records of processing,प्रोसेसिंग रिकॉर्ड
Records of processing and DPIA,प्रोसेसिंग रिकॉर्ड और DPIA
Refused This Month,इस महीने मना किया
Refused all,सब के लिए मना
Relationship ended,संबंध समाप्त
Renewed,नवीनीकरण
Report lost,खोया हुआ बताएँ
Reported,रिपोर्ट किया
Requested,अनुरोध भेजा
Requests,अनुरोध
Requests By Type,प्रकार के अनुसार अनुरोध
Requests board,अनुरोध बोर्ड
Retention Policy,डेटा रखने का नियम
Retired,बंद
Rights Request,अनुरोध
Rule 3: {0} is missing,नियम 3: {0} नहीं है
Running,चल रहा है
SMS and messaging,SMS और मैसेजिंग
Said no to,इनके लिए मना
Set up Anumati,अनुमति सेट करें
Setup,सेटअप
"Several people share this number. Call back or check the slip, then pick the person.","यह नंबर कई लोगों का है। वापस कॉल करें या पर्ची देखें, फिर व्यक्ति चुनें।"
Shared phone,साझा फ़ोन
Signature check failed,हस्ताक्षर की जाँच असफल
Signature is valid,हस्ताक्षर सही है
Signed out,साइन आउट
Significant Data Fiduciary,महत्वपूर्ण डेटा फ़िड्यूशियरी
Source System,जुड़ा हुआ सिस्टम
Summary of security safeguards,सुरक्षा उपायों का सार
System Usage Log,सहमति जाँच लॉग
Team,टीम
This record is number {0} on the signed chain (key {1}). It has not been changed since it was recorded.,यह रिकॉर्ड हस्ताक्षरित शृंखला में नंबर {0} है (कुंजी {1})। दर्ज होने के बाद से इसमें कोई बदलाव नहीं हुआ।
This record's signature does not verify. Tell the DPO.,इस रिकॉर्ड का हस्ताक्षर सही नहीं है। DPO को बताएँ।
Today,आज
Translations Not Reviewed,समीक्षा बाकी अनुवाद
Unmatched,मिलान बाकी
Unmatched Requests,मिलान बाकी अनुरोध
Verification Attempt,पुष्टि का प्रयास
Verification Pipeline,पुष्टि की स्थिति
Verified by,पुष्टि
View guardian document,अभिभावक का दस्तावेज़ देखें
Waiting,बाकी
Waiting For Confirmation,पुष्टि बाकी
Waiting To Sync,सिंक बाकी
Waiting for confirmation,पुष्टि बाकी
Who is this for?,यह किसके लिए है?
Wipe queued,मिटाना बाकी
Wiped,मिटा दिया
Withdrawal,सहमति वापसी
Withdrawal recorded: {0},सहमति वापसी दर्ज: {0}
Withdrawals By Channel,माध्यम के अनुसार सहमति वापसी
Withdrawals This Month,इस महीने सहमति वापसी
Withdrawals This Week,इस हफ़्ते सहमति वापसी
Withdrawn (30 Days),सहमति वापसी (30 दिन)
Yes to all,सब के लिए हाँ
access,डेटा देखने का अनुरोध
active,चालू
allow,अनुमति है
anonymise,पहचान हटाएँ
api,जुड़ा हुआ सिस्टम (API)
app,फील्ड ऐप
ask_processor_to_erase,साझेदार से मिटाने को कहें
assisted_thumbprint,मदद से: अंगूठे का निशान
assisted_verbal,मदद से: बोलकर हाँ
assisted_witnessed,मदद से: गवाह के साथ
beneficiary,लाभार्थी
breach_notice,उल्लंघन की सूचना
breaches are open (72-hour clock),डेटा उल्लंघन खुले हैं (72 घंटे की घड़ी)
cancel,रद्द किया
captured,दर्ज
child,संतान
collection,इकट्ठा करते समय से
committee,समिति
community,सामुदायिक बैठक
confirmation,पुष्टि
confirmed,पुष्टि हो गई
connector,जुड़ा हुआ सिस्टम
consent,सहमति
consents are waiting for confirmation,सहमतियों की पुष्टि बाकी है
correction,सुधार
court,अदालत
data_leak,डेटा लीक
days,दिन
deferred,बाद में SMS से पुष्टि
deferred_confirmation,बाद में पुष्टि
delete,हटाया
deny,अनुमति नहीं
device_sms,कार्यकर्ता के फ़ोन से SMS
device_sms_otp,कार्यकर्ता के फ़ोन से SMS कोड
digilocker,डिजीलॉकर
document,दस्तावेज़
draft,मसौदा
due {0},{0} तक
email,ईमेल
employee,कर्मचारी
erase,मिटाएँ
erasure,डेटा मिटाना
evidence_only,सिर्फ़ सबूत (फ़ोन नहीं)
expired,समाप्त
failed,असफल
family_pwd,परिवार (दिव्यांग व्यक्ति)
field phones have not synced for 2 days,फील्ड फ़ोन 2 दिन से सिंक नहीं हुए
field_visit,फील्ड विज़िट
field_worker,फील्ड कार्यकर्ता
grant,सहमति दी
granted,सहमति है
grievance,शिकायत
guardian_minor,"अभिभावक, बच्चे के लिए"
guardian_pwd,"अभिभावक, दिव्यांग व्यक्ति के लिए"
hard_purge,पूरी तरह मिटाएँ
heard in full,पूरी सुनी
hold_for_review,समीक्षा के लिए रोकें
hosted_page,वेब पेज
in_person,आमने-सामने
insert,बनाया
ivr,फ़ोन (IVR)
legal_guardian,क़ानूनी अभिभावक
legal_hold,क़ानूनी रोक
legal_hold_then_review,"क़ानूनी रोक, फिर समीक्षा"
legal_obligation,क़ानूनी दायित्व
legal_retention,"रखें, क़ानून के अनुसार ज़रूरी"
legitimate_use,वैध उपयोग
logged_out,साइन आउट
lost,खो गया
lost_device,फ़ोन खोया या चोरी
majority_transfer,18 साल पूरे
manual,हाथ से शुरू
material_notice_change,सूचना बदली
member,सदस्य
missed_call,मिस्ड कॉल
months,महीने
neighbour,पड़ोसी
no_processing,उनका डेटा इस्तेमाल बंद
nomination,नामांकन
not_asked,पूछा नहीं गया
other,अन्य
otp,एक बार का कोड
paper,काग़ज़ का फ़ॉर्म
parent,माता/पिता
patient,मरीज़
pending,बाकी
phishing,फ़िशिंग
phone_voice,फ़ोन ने पढ़कर सुनाया
ransomware,रैनसमवेयर
re_consent,दोबारा सहमति
read_aloud,कार्यकर्ता ने पढ़कर सुनाया
read_on_screen,स्क्रीन पर पढ़ा
receipt,रसीद
recorded,दर्ज किया गया
recording,रिकॉर्डिंग सुनाई
refuse,सब के लिए मना किया
refused,मना किया
relationship_ended,जब कार्यक्रम उनकी सेवा बंद करे
relative,रिश्तेदार
reminder,याद दिलाना
renew,नवीनीकरण
renewal,नवीनीकरण
requests are past their due date,अनुरोधों का समय निकल गया है
requests need matching to a person,अनुरोधों को व्यक्ति से मिलाना बाकी है
retention_notice,डेटा मिटने वाला
reverse_sms,SMS से जवाब
rights_update,अनुरोध पर अपडेट
self,स्वयं
self_digital,"स्वयं, अपने फ़ोन पर"
self_worker_device,"स्वयं, कार्यकर्ता के फ़ोन पर"
server_otp,अनुमति से SMS कोड
sibling,भाई/बहन
slip,पर्ची
sms,SMS
spouse,पति/पत्नी
student,विद्यार्थी
submit,जमा किया
translations are waiting for review,अनुवादों की समीक्षा बाकी है
true_up,छूटे लोगों से सहमति
turning_18,कोई 18 साल का हुआ
unauthorised_access,बिना अनुमति पहुँच
unconfirmed,पुष्टि बाकी
under_18,18 से कम
unknown,पता नहीं
update,बदला
ussd,USSD
validity_expiry,सहमति समाप्त होने वाली
waiting for confirmation,पुष्टि बाकी
web,वेबसाइट
whatsapp,व्हाट्सऐप
wipe_queued,मिटाना बाकी
wiped,मिटा दिया
withdraw,सहमति वापस ली
withdrawal,सहमति वापसी
withdrawal_confirmation,सहमति वापसी पूरी
withdrawn,वापस ली गई
witness,गवाह
years,साल
{0} days left,{0} दिन बाकी
{0} hours left to tell the Data Protection Board (deadline {1}),डेटा संरक्षण बोर्ड को बताने के लिए {0} घंटे बाकी (अंतिम समय {1})
{0} waiting to sync,{0} सिंक होना बाकी
{} open,{} खुले
{} waiting,{} बाकी
